Square_Footage,Num_Bedrooms,Lot_Size,House_Price
1360,2,0.5996366396268326,262382.8522740563
4272,3,4.75301384940204,985260.854490162
3592,1,3.634822720478255,777977.3901185812
966,1,2.73066687604351,229698.9186636115
4926,2,4.699072554837388,1041740.8589249004
3944,5,2.475930043628728,879796.9835223783
3671,1,4.911960066216673,814427.8614089885
3419,1,2.805281407595683,703413.1109446795
630,3,1.0142859649909075,173875.03721558454
2185,4,3.9416043760667474,504176.5060593679
1269,2,3.5550397628502823,335332.59275293903
2891,2,3.9784402458751407,635097.3959198
2933,5,4.781489129265565,701133.8041471172
1684,5,3.994201861929581,440726.2848162878
3885,2,3.251014709974911,838719.430503504
4617,5,4.3578900606237845,1019192.6613592046
3404,3,3.529608977095392,735850.8123421574
974,2,2.336535755716654,234261.64997473892
1582,5,4.48528893908798,396246.3588887452
3058,2,1.498552073529678,672852.0519810001
2547,4,3.715885737089259,586086.5685389101
3247,1,4.467035547233406,740174.0146550778
1475,2,3.790924338664833,370167.09090271546
2306,1,3.637739385742356,530824.1967752124
689,5,3.8868723233232623,227515.3002879812
3234,1,2.5927486173529,652166.1423658864
3505,2,4.433768069706617,745670.6371477235
2399,4,1.4154641381124105,513161.95119306416
1767,5,1.073238872001527,432357.9061027443
2028,2,1.784789510533302,434165.8966340506
3702,5,2.892098285487469,809686.201143527
4056,3,2.7975280793420216,883819.0911218557
4390,1,4.19269440954464,912468.0479046734
1146,3,2.3205589538180784,281313.0614448485
3388,2,2.679549918311789,705923.3148916194
2935,4,0.5601545746672804,656980.4604282172
1100,5,2.343826563993226,318266.2771320871
2863,1,3.4149840482765392,582468.7977365239
2561,5,0.5697874878196648,541967.633559251
741,2,1.763968843338097,188531.42345710637
2541,5,1.4358036168022548,565562.7504321395
3324,1,0.688934430093147,697574.5556670319
3112,2,2.6566704046154186,666733.4734616925
1863,5,1.317754819526704,376388.0216286443
1978,4,3.8438669283412095,485380.95019563066
3056,2,4.315675476935068,735678.4622017285
1275,2,2.9551333220111653,296291.0010075069
4514,4,4.917683041345137,1046315.8960136625
534,3,2.527153571617679,187508.58531168045
3652,1,2.81015694601212,793995.2848757812
2455,3,4.951479892809876,527393.5128875901
2085,5,1.5419679618427198,467768.122943975
4443,4,4.741456728546074,981190.782911222
3573,3,0.6927689980360097,750481.7169351575
1521,2,2.5087410061843767,377511.26849809097
3961,5,0.815015804598796,866877.3524150968
3113,5,3.7815563431113937,731331.6610567131
4343,3,3.23784021146008,899382.8651584806
2000,3,3.679854185604184,485622.401919989
661,4,2.1851617998560764,147601.55157708153
4797,1,2.162668703141211,986006.861736761
2481,3,0.7039367553240257,509725.550655089
1495,3,2.074752227883379,346932.6209008944
3842,2,4.681797810179267,863289.3969030941
4298,5,2.2065194173120206,919295.8540615214
1775,1,4.241154677998865,406069.2709127523
1516,2,4.290464771374703,397346.1108776756
837,4,2.1795852037065524,191117.1012230497
1378,4,3.3439490617828507,384461.3548261602
1576,3,0.9291722102287638,340980.72481778456
4493,3,0.9665536133042444,951093.5469938468
879,4,0.7189594864777099,217010.48526715024
992,3,3.114567920187993,248224.0196560961
2562,1,2.417319399317437,538349.0962151848
4384,3,2.9661456049890806,985223.9966541852
564,5,2.844829357287745,242865.9315016322
3068,3,2.0759134599082865,654466.9454086807
2527,2,3.548630366705628,551967.8882668803
3195,1,3.913258464123758,663904.9927177994
1995,2,0.5658271649495408,397482.74798703607
891,2,1.4325903489599523,209632.84147750464
4974,5,3.709561406375016,1107045.062935083
4061,1,2.239790776852254,787420.4040749857
2778,1,3.4811777612372365,605371.7047170609
3599,1,2.061331968805513,721018.0639031393
700,1,2.258398185483367,199066.37891066872
3604,1,1.2140549316035822,730047.4973881331
2954,5,1.6620395884977202,627923.6171994702
4145,3,3.2243529087841427,898283.8867356428
1304,2,2.4492340009182487,277832.10571177263
3231,1,3.9843620732506784,731490.1175330897
3273,3,4.336632297222542,688357.648480334
2070,3,2.9374088819754194,525582.3102214569
3190,2,3.912202814252266,684824.5348634415
4340,5,1.881070309375565,903251.9405609448
1528,4,2.367370469300352,323118.7393152309
1002,4,3.7074995429757394,307101.6858385633
4993,3,2.237953967676638,1020324.7565966452
1370,2,3.1482722082154497,304730.506229004
4988,4,1.3341775058713017,1026397.296612232
706,3,3.198970917367241,199414.94263280893
1984,5,4.376811682521021,472657.61431723344
1363,4,4.408878379205415,340069.229775934
3290,3,3.759549828482928,696709.415289048
1063,3,3.855890205842567,266533.05392411625
4691,1,3.010673503178153,971514.7620428528
2257,5,3.1310064057462115,501305.5489940659
2178,1,1.101427616347331,480961.44203831744
3742,2,2.4973663478958548,758977.8818675748
1559,1,2.528493277488637,364658.5286208398
2222,1,4.813240260504831,515813.7578353911
3814,4,2.439890881804802,834587.5117736553
3657,3,2.9720419020624096,747384.0608082061
3125,5,2.899631296755961,667696.0449735246
3229,1,3.365427726699472,645145.5398468642
2097,5,3.8670477409935313,481368.1255215702
3560,1,1.5126884427689244,740148.1937768575
3193,2,2.879259885942961,639073.1842415399
4127,1,4.216629682922137,886568.3132277146
1863,4,2.5840162122688017,450941.1354372639
2481,3,1.7530589586810783,513720.44181706064
2163,2,3.446190839103346,521205.600976709
2029,1,4.2069532810960535,455122.0999589496
2538,5,0.784131318173261,551463.8888534079
3802,2,3.995557175332522,816173.7524264855
2737,2,4.197415698327971,637736.0103999889
1806,1,2.576853174148731,420203.4615575062
4529,2,4.924875455683103,1026790.0663279732
3175,5,4.040187533182891,744681.397063456
1782,2,3.981481542030496,400585.46235503367
1209,5,3.865273584854323,368327.4567183169
4913,1,1.177736464482233,977158.5923179968
4248,3,1.4775389890385486,883626.6203857235
1163,2,2.5879555915899126,244030.4071335913
2498,3,1.6880195748175963,558598.6787614333
3945,5,2.368584375503182,860329.4923109863
4243,2,4.498088494653143,947490.777477816
1995,4,4.209471013456712,492018.32279508375
3804,3,3.33517945315992,832386.3311958439
4263,2,4.361541774129966,893926.6294720689
2353,3,4.026975750577622,534464.9120087984
1791,2,2.430432193284007,355281.41848528635
4081,1,1.404793184224753,834105.7943401121
3957,3,2.813904680042026,885550.3826256534
2136,4,3.813029971378476,551859.0856947603
4196,4,2.4638881942831685,922420.588370604
3499,5,3.5004735940275373,804433.8093218554
3652,2,0.9244734183096964,734985.0630470021
1198,3,3.866021313671316,346152.8475921306
2660,5,4.157211289518779,649973.3618681368
4597,3,3.680770351012435,1006939.6644174114
1354,2,4.852686143868645,370260.6031667921
3974,4,4.219934258572882,928059.7129533672
2207,1,4.563921775444422,492112.0397149675
3277,4,4.7010698755594165,752466.6746666236
2233,5,4.106065963432139,573797.9393068494
4010,1,3.534164789029246,854876.2983739193
702,5,0.5257336161235517,183663.6464573192
3755,2,2.596215889504061,788150.9318106314
4718,1,3.0702303438006244,981510.89525884
4996,5,1.8681362260159984,1070454.2752476104
1266,2,1.931470011065624,241968.8432665446
4889,4,4.825217370695743,1064004.872579212
2827,2,4.512698893412357,640767.2241513439
3431,3,4.321305524757669,762159.3914733424
697,2,2.327053107677498,216591.97111921213
2430,2,0.5616434768401155,497168.0883454792
4082,3,0.8610001090507133,857205.2452653883
1108,5,1.9048836569792165,285546.501684919
3772,5,0.5708431084805464,819125.6470544274
1647,2,0.5771740186183916,316130.2555576059
4782,3,4.62471485739085,1067425.216621323
3897,3,3.677713259535744,837398.565143556
3011,4,1.890301955306687,658260.7060110456
2294,5,1.0969005992042893,475767.3504503976
1159,1,2.802360730527847,250101.5473305484
3311,5,0.52405772384464,688516.5046690886
1869,5,4.722861847361648,510876.9990932239
2486,4,2.366668037250262,543734.421890143
646,1,2.3105072985679973,146406.89625235138
3719,4,2.25767123411802,828512.1019589091
3411,1,0.8119774867449414,719969.4352945103
2234,2,3.37245007906322,507847.5873391124
2343,1,3.79851628832759,507554.9440535184
988,4,3.542564289147306,294558.07202157495
3476,5,1.1229597199822745,712212.2154102818
2459,1,3.1047807561601664,491715.9476636626
2885,1,3.062680178775142,625227.045470116
3419,3,4.407848545736219,752101.9024207598
2302,5,2.2060744626904114,501913.6471080413
4561,2,2.171686746467454,907358.632995708
3869,4,3.283371764231835,878704.0956397129
762,2,3.3488269407478084,237070.7057045996
1123,5,2.6117835229660566,267132.4135848208
1516,1,2.493767130486895,353129.5684734057
4143,1,2.723664517870472,845141.6166638864
2549,5,4.374703847764904,656223.1627305328
4223,1,2.575251055642595,884677.6890798345
3608,1,4.729693063864201,775773.2237663032
4590,1,2.768016936183467,918893.7439235622
2556,4,4.771403119314011,607698.7371081988
3670,4,4.247743558410841,838774.4840391098
2182,3,2.130940951771231,470978.4795328964
2755,2,4.386386395834772,616308.9624199027
1654,5,0.9952847789050184,417416.2622542783
4999,5,4.662712289043565,1060976.488572305
3691,5,3.342395817873012,809046.2841762663
2196,3,0.7447583683504003,485376.42332357954
4491,4,3.399155256428652,965816.66811073
2148,3,4.884114443651402,517515.4060050993
1945,5,0.8141029457658302,438250.1761546225
4699,2,2.9960946940103885,1008240.7854354944
4423,1,3.865074573917176,888140.07598706
753,4,4.146163640147891,252963.3562076132
3683,4,2.362223593943581,801206.2036701888
3057,3,1.4187495162570936,624112.1600204634
598,4,0.6905402544757273,155471.16626013073
2700,5,3.1087677069375115,617900.4948407207
3461,5,2.5380998162042485,798362.7750475319
4933,3,4.7693497781737,1096158.2899088082
4277,5,0.772722084717094,927092.4059599084
3369,2,3.5842790455070257,728289.8873118911
3734,3,0.6123479995402572,785248.3619879358
4291,2,1.2714537951974425,862580.4983858576
1456,1,2.541105499652754,297387.92248393584
4567,2,2.546925992612907,938151.8372450712
660,1,3.5856524432013974,203447.4833684562
4993,1,4.595958656904905,1038319.1650899692
1800,2,3.375644715117144,443408.3059778237
4487,3,4.79090794033179,971977.0246414564
2027,5,4.467270379450989,539478.4031506823
1718,5,3.1302490798885563,424712.5512524801
4996,1,4.252063779134723,1102533.6490590929
3604,1,3.3915992464563534,740286.5597469498
3235,3,0.8535102391567722,655719.1459405582
1454,4,3.832541254667795,402213.42189319455
3946,2,0.927087985703058,779202.6809723858
1545,1,3.173372512563706,338170.31528112484
2193,5,3.6618809263620298,497340.9981159924
3936,3,0.7993742369488486,815811.6827370644
1062,2,1.538575942669393,250362.35906874528
2985,3,4.620525045177424,717150.4421296231
3854,2,3.2734152150480336,811129.4971755756
725,2,1.608287084647392,165242.29785174478
1459,1,3.60805897016603,370992.4565584571
3567,3,3.1854938898276037,779362.3561113286
1315,3,2.757090649630768,308618.40727220185
3620,5,4.892841387446377,861356.9775590366
516,5,3.57554199833379,171023.95659837997
1743,1,2.189484993505607,381738.0175438036
2705,1,4.100330444345905,628610.9650581649
3024,4,4.480624818145345,698124.6114710766
1569,5,1.0634925178257415,362679.08775021497
3944,2,1.4024884003036993,822030.766712673
3065,3,1.4730215410750087,611205.6889207754
1560,1,3.610453142239432,359657.9955923103
2827,3,3.213677997739775,605143.9591154716
3920,3,3.2854620411436466,881016.0047742793
801,4,4.733479848602754,258111.6713724362
4776,5,3.9916018976328766,1038652.4247755758
1106,1,1.0757161603030243,219426.92448759967
3670,3,2.0637818709133144,813296.8090259811
1199,1,2.45927140779081,211038.85316259583
1639,2,2.281827149364222,395042.3550597105
690,4,3.5118887412284563,203867.04292282808
2800,2,4.513518964654532,619660.8346800937
1480,1,1.877231585852546,304174.6641013576
3475,1,2.983447113895336,731899.435616318
1684,5,4.052342398611136,467628.527062253
3827,3,2.372981264804072,827143.776401641
3894,3,1.2565315777968311,797034.4255040532
627,2,2.637279343686867,126097.92716348889
2565,4,0.7485013433436281,527544.910534171
2316,3,4.740725543010246,570289.0160760867
1069,5,0.8366954233773787,234389.76681767972
2395,2,2.473055218627602,534533.0200368982
3233,2,2.884465674898368,660507.8198303543
4363,5,4.9338672452927845,1008539.156234348
4514,4,1.2470982063928735,955158.90638745
3401,5,1.0149418337556135,756373.8420634224
2186,4,0.5391776617814461,441315.08847493527
3509,5,1.2000714659118603,749610.4677553453
654,5,1.4327284058045042,158636.70310577296
3037,1,3.3376142371239155,699683.2484112402
1909,2,1.4886805567613015,390430.2223774808
4557,5,0.5923436662819634,935973.5562996916
1284,5,4.219782554761199,350816.184399563
3675,3,2.1451806545178504,779019.7305378267
4841,2,2.0916350896133027,987630.2411262016
3306,3,1.8611556312556696,733612.8163648158
1037,2,4.889179747158894,255907.13436003952
2341,3,1.2655193778917666,517655.1581174146
2955,5,4.542071287789558,684425.2003263966
1024,5,3.995614994629496,323701.2441901499
3450,1,0.8441597997469088,724814.2264216079
4631,3,4.940280956753819,1015556.1485920788
4615,4,1.7211468359255475,993273.0796606252
2868,1,0.9436231716008556,581948.159950993
4347,3,4.231914053565918,895675.5548211845
4995,3,3.6800399015496494,1092026.89678641
3201,1,3.277484626450553,662119.9410580613
1471,5,1.2019138866451993,341253.2207795087
1666,3,2.653232523151829,412045.7826588494
3274,5,4.012502120992462,748220.493682927
2482,1,1.8663077216472808,507185.45440816105
1353,5,1.9026042283176865,354054.70019158506
4646,2,0.5141340772165495,915005.2948821838
4236,4,1.284095307404208,872676.434152397
4269,3,4.439325313048254,934942.0571329228
1074,4,2.487859212369682,269061.7820440072
3761,5,4.929055246554952,867445.4184620865
1648,3,2.2806858360820668,342303.6892675472
2215,5,3.7183390465110855,486872.0567091347
4354,2,1.768635693071281,935626.95292811
2991,1,2.137143385134201,644601.105174152
3160,3,1.358266944159026,645375.2217757016
3624,2,2.0617806582472773,786580.3015186453
3551,2,2.962568841892894,740281.2153448497
504,3,4.962977964406623,149743.4999535613
1376,5,3.488907708823036,348893.55395287194
1491,2,1.3966067948374132,346010.94983818056
4642,4,0.7023264871619801,915441.1797542056
4864,2,1.0686041659152976,988325.4879158876
4965,5,3.0314984057287133,1075864.2810329462
1135,5,3.943221479675449,329218.5249164853
2193,4,4.731886432853361,530004.3428420601
2182,2,0.5712042739856937,408013.5790622347
619,5,2.852420637028414,224507.20014868543
1330,3,2.6189031030042957,300656.0790681994
4175,1,3.452247598890668,848824.7742976189
1869,1,3.018104845094039,396681.2860961783
1240,1,3.5916761776211623,262398.4460460842
616,2,3.4613716313713567,180393.6281134625
3338,4,1.026552761860758,671803.9439013259
1650,5,4.098730611284238,474045.8427124246
2431,3,1.054546590723462,505877.59815497726
1512,3,3.643387813441117,389645.3296127529
2164,2,2.3726541543827304,483350.32816846616
1581,1,2.812328305594691,358458.3807510001
1012,2,4.564841064690698,264395.09178796335
3349,4,4.504476769130689,749571.2916347987
1059,4,4.180353375447632,263760.9441483153
4172,5,2.7956677120534548,894611.0786564201
3843,5,3.813079145602249,853001.1125510683
4570,4,2.8080367498346424,972537.496467423
1970,4,4.413227371136498,453359.87163545546
1080,4,2.3124912495480494,270230.63769827964
2794,2,4.866059049866946,673649.8960889375
3647,4,4.695452412029949,827205.303959231
4749,3,3.8372117875330343,1007770.5792970628
2179,1,1.757371478792324,443005.62363881344
4006,4,1.0924411495696629,871566.5627396672
3244,1,4.346165525419389,726227.5690417645
3856,2,1.2438602876208258,824351.6710960343
4545,1,4.34417355048801,973850.3282632278
1743,2,2.708442530205622,344363.2736819858
3618,3,2.329505527136469,793421.1417884243
2641,2,4.564358504754931,621862.7654183527
3559,2,3.2173294214312507,758946.7724048437
3459,5,3.09476303208373,759151.2379465501
2765,4,3.0144467508097894,630531.7401285437
2979,4,2.1702628220878912,646766.2897519646
2135,3,4.035393965881072,533039.4327952061
2257,3,1.6375929980709785,496427.1035646905
4952,4,4.725027320185737,1099211.6405116057
2570,5,4.522933422711324,605600.9507407207
3349,4,2.0186614655370416,738935.8194460399
3751,5,3.782586964242487,839522.318603536
4230,3,3.079504375023161,874856.2710820399
2989,1,2.019421858996556,609401.0845045892
2131,3,4.9483474159795104,457643.0980423783
3316,3,0.6135680563171889,676108.8512096877
1515,2,1.63690713779579,300935.18607341987
1848,2,2.8403332750001766,381998.6086592969
3587,2,2.848788515653537,720883.657171062
3339,2,3.1501988372550387,722543.0796460027
835,5,3.8825427741031366,294548.40256048914
1395,4,3.3056502373368337,336073.5215992294
4046,1,3.2012665723761664,863034.675749834
1351,3,0.7408150831086948,319748.76677475666
2187,5,2.1943862950518422,504023.26087166165
2431,1,1.544250828655202,538851.8933945443
4246,5,1.6941655022088895,934919.3827777772
2927,5,2.994518634531552,648902.5219843038
2068,3,1.397773917183238,414808.6543176996
4500,4,1.8227709545760389,940080.4444014952
3238,2,1.5668811883280305,676233.0768279255
3998,4,4.768263244481877,866618.3890237983
4413,3,4.750995794769929,983106.2224146988
1566,3,3.244737013682233,367024.37943296967
4880,3,4.66035110929355,1075814.4318808403
2944,1,4.03615690460768,660979.0474886918
4607,4,3.15476547260814,978190.835072989
3873,4,0.5289584517355808,801313.0610758337
4469,5,3.976323287357318,992213.4530121648
3046,5,3.6611975371481096,676719.1220590248
1253,5,3.268641439770863,296184.19659571577
2582,3,3.9219094025711225,587557.3219128358
3274,4,2.808149741486446,724842.1846929234
3396,3,3.668374720946026,762080.8235471162
4685,1,4.70827439026922,955223.3951427988
1275,5,2.191122571307388,354189.0054772034
2125,3,3.6865482570528143,454484.4215050965
3569,3,2.6405951810493145,769087.1879559917
917,1,3.534798433162917,251359.7986427481
614,2,3.9330200099946384,172534.44400203408
1116,4,0.7045362519610818,268244.1761186752
4474,2,3.409701997768978,985699.1860734548
3767,5,1.5203353298312503,824529.5721138918
1325,3,3.5151464201340503,289985.41455097107
2016,1,2.6074858367021605,450594.5679766036
3646,1,3.980987338391993,794010.0167336396
912,4,1.055303668425184,233504.5137836983
1228,2,3.318450582452878,269736.4362439106
3848,4,1.7531182801739855,841676.0140843305
3308,3,4.3384189789876615,707483.440019593
1175,4,4.677725775363384,310471.3888855296
3965,1,4.983792321555749,846516.6709494363
3004,1,4.082033310922775,647388.2995956682
3467,5,3.891803316926021,760678.6016673865
3286,5,1.4697534149039797,681361.2493428746
1622,3,2.0120317654554896,325380.0022571336
4579,2,2.595571437930258,987442.6840517226
2071,4,3.980214715020124,508941.1259280808
2643,3,4.617346392850859,572941.4282388942
2187,5,1.3511259501034307,481489.24616078194
4632,4,4.650653681015463,997885.7696999718
4351,5,3.630310935593261,944921.9815744858
3940,4,3.2484682880826736,842172.2092376931
4266,2,1.3992857207687277,901471.7427249742
2826,3,0.7498626476411775,632482.6223597979
3414,4,3.058092043285729,748136.4563894381
4452,1,3.431820574980016,914555.7450033636
1095,1,1.4485165220960972,214492.39812518292
1228,4,3.0040529262145537,287478.2675046062
1865,4,4.354220312431581,478566.0655908441
4992,4,4.25779675454759,1068538.1056038716
1198,1,4.673098312638337,334276.21781208954
895,1,2.146486143005962,235478.10213396215
4671,4,1.9312230764791345,1028282.3118218936
4860,5,3.872417026913639,1060712.8283115798
3002,5,2.4400058229365227,690243.7506863925
2319,2,0.8939689881250128,501720.6757217424
1217,3,1.7726050880172488,314916.5292154408
3282,5,2.383620284891701,752791.6325948103
4077,1,1.816323914643134,848697.2899849606
643,5,1.9949250692629472,213397.79303700436
3640,2,1.8219915777847584,788471.7465500822
4991,2,0.6867462523238574,1023975.1331555475
3438,3,3.3669261537099917,738091.5512277477
4136,5,3.187815891590612,926531.8100085806
3722,1,3.4402257431540626,781388.9356850483
1667,1,1.3653945321513237,302975.3037628076
3116,4,1.830445437256184,696224.0924052008
1562,1,3.2882716712521503,370689.5462510848
2656,3,3.1983240580696464,559262.3223593918
3482,3,2.778486392094205,775422.1168993582
3794,1,2.0768596250458886,783176.6365627198
1656,1,4.608189521486104,392725.1966639868
1232,4,2.028966090344797,297268.39963389
4830,1,2.550286203967632,1027285.7703285776
1453,4,3.551512239293939,367172.5872737959
3039,4,2.9435964389004385,697780.778011206
3824,1,2.0609868936397358,802714.096172766
3801,2,2.4604015570542943,783978.6474904561
2042,2,4.075163680340777,475471.1766686792
1691,4,1.751581199689756,427302.04370052734
3493,1,1.1401485789956691,724420.5096752369
3181,2,1.909234408233997,690319.8868147184
1717,1,4.322903969695556,383644.1777444591
2040,1,0.90045371685356,379109.0941130737
3736,1,4.962632330176033,758293.3788835382
2886,5,2.9345130451744814,619360.9693678387
4219,1,4.931805847851923,923122.114178692
1888,5,4.725483899386899,477884.3169302657
2356,4,2.537661713949125,558796.2539569193
1865,2,1.393209835724071,366797.3447576696
999,2,1.241981494543123,226125.4126756759
2180,2,1.5799521374148089,507967.8360673265
1010,2,3.6955968825404177,246540.9659359964
4812,2,1.7282749762916954,961367.1393329063
1824,2,2.0364137132193423,427947.1030973768
1655,2,2.5195046179757665,396277.33998439007
2327,4,4.609547061896554,585574.1096146859
3641,1,1.3522703804818077,763296.5725547657
3986,3,0.5226194867441141,827741.1738157432
2310,5,0.7704338467017657,523323.0670600654
3423,3,4.5714485375605305,731262.2024937344
2714,3,3.413824091795134,574450.4841823126
4686,1,1.7286827869751304,923773.1293560604
1213,1,1.29736625455036,269665.8613983956
4102,1,1.8242003148670145,838955.4538986462
4634,2,1.0165861726307606,915104.2350135812
4022,4,4.736898096279985,875981.0268954616
4768,2,4.028927784643701,1017321.3952750646
1743,4,2.5807602961064333,435500.9447943791
4209,4,4.392331723018408,896600.4885198027
1581,3,1.6225619193195453,342679.45001245977
955,3,3.727042558124871,267185.2676416052
1394,4,4.352596245561846,338350.5954344411
1884,4,2.1054592023047265,414166.584309186
2458,2,3.9085900045282296,523387.09594019287
3572,2,1.827825571689392,720713.4288162608
2496,3,1.8448571086656385,551668.6465406333
4785,1,0.9817573034938372,972746.6952602348
1004,4,2.480261209292294,269874.7159038473
1714,2,3.7837035792384,431423.2948124018
2031,3,4.730993625070783,501692.8515892058
3940,2,3.2170864636809324,804904.7205412153
1323,4,4.384109919810825,362719.62685852055
1428,4,4.201225921806022,369407.96419171983
633,5,1.280043738388764,176494.35410241215
2605,1,2.6861784301068417,557218.6456389157
4127,5,1.0261559098642616,909713.435000704
2352,3,3.569689227027357,526951.7757612201
4675,2,4.774548507107342,1033450.4577544982
3433,3,1.1169025613544044,739205.5159327254
3784,4,3.802474088611436,870504.8285910133
4798,5,3.3450716789053745,1045202.3496436334
3311,5,3.126222666536449,722603.6896894623
1750,5,2.255541056097526,409947.2216361178
4012,3,2.0980924148921565,901000.4882338208
1756,4,0.7036213505849953,364834.6821527956
3876,2,1.4805891871340606,795928.1818267058
3986,2,0.5682959702907211,778486.8427341338
4084,3,3.1163769751190924,858011.5135429478
1896,5,0.97633956145059,418888.6616954587
4137,1,4.428587273133722,887527.9071799915
3830,3,2.8541435931372434,827140.4447152761
3203,3,3.648604590764188,673586.747670695
970,4,2.3488569132822343,258717.68020973945
1853,2,3.022609140504719,471816.8853184141
3283,3,4.741966296349837,764387.1612255372
3331,3,0.8723031783065185,687869.2513012193
857,5,1.6427199736566327,252024.0176812598
3519,5,4.009947471097449,788284.6902015205
1167,1,0.9443174309719964,219652.59801356145
4968,4,0.8404749675684988,1043830.2913439176
1645,1,2.1269362943931736,368670.1351204142
4685,5,0.9147558131259454,1015603.7016174662
4219,2,3.132852989927914,909745.2997917284
3245,5,1.5182386286746992,695195.3585354679
1039,4,4.530640834397175,322312.8625079516
3279,5,4.025750363803655,746167.7281082802
4636,4,3.6486734274476422,985351.0239129456
4275,4,3.2762481232302587,896792.553841208
3008,4,4.3855957865365855,716524.6919885611
3279,4,1.503779276942406,695362.741532193
1424,4,4.428989792439024,379005.7118671184
3456,2,4.052715342908236,763645.6101593996
2081,1,3.866723718744585,424881.192942697
3824,3,3.0256505513371583,809782.1662261934
4985,1,1.6080987243677003,1032002.2381140392
755,4,2.4059656219635333,239234.57432207957
2338,2,4.071067945424607,560304.6612210645
2444,5,0.64300317960796,523988.4313016928
509,2,4.019228461686913,179398.43319315853
3371,4,1.5803183321940493,736289.1245550752
1297,2,1.1493914032472137,284798.2134604166
1515,2,1.0206559318113595,327253.4579829949
2324,4,0.622625053778668,506990.3247570412
4969,2,2.856139183496538,1064774.9343224152
3636,3,1.482169427121783,818671.3913349382
2693,3,4.952442946008342,648718.3260877142
723,2,3.084965401424926,236865.43918275135
4658,5,1.1204837121020468,951484.5473650974
4425,4,3.599431433651144,967287.6138508852
4500,3,4.539846049293764,936969.4548360409
2133,5,3.853307729163265,523680.204086382
2652,2,0.8439793746775145,537770.4956241908
1010,5,4.531478815366968,261227.3187203414
884,1,4.072682236369841,217669.8849055049
904,3,1.2123675504752645,198204.1283050715
2500,2,0.7330364992976759,517128.7578663306
3256,4,3.007897588914388,701609.1002837394
2168,2,1.202161151029896,465144.0719417193
1960,4,4.255659286678725,466251.4916197072
4136,2,2.112505955022532,894174.439544655
3224,5,4.608016001314589,705754.4319783618
4678,5,3.045596774634526,1007068.6501452676
2548,5,1.322025729078507,547523.9110807307
4646,1,1.1281949031191003,965317.5061019752
1216,4,3.094125969009893,299226.76708907617
2323,5,3.928476253380998,548288.2433774915
2581,1,4.016775414839819,570399.7427677898
3919,4,1.7409083199857658,875382.7427446679
2074,2,1.4191104151047536,473734.215407891
749,1,0.5754033702157209,146020.40342022013
1173,3,3.556396180405262,288382.46046148066
2665,1,0.8445571629509254,537619.5908056167
1270,1,2.3934254079466664,264215.33977452776
4462,4,3.2075697380823325,1010589.32913523
4863,2,4.7169902521385465,1047149.2482085732
2484,3,1.9031096163009589,562238.4809757017
1577,5,1.623974731009339,370970.3860521568
735,5,3.443720694287443,238459.1158908021
888,1,3.2865756442411174,215993.8951157028
3537,4,1.9944940248865608,769763.673034886
2348,4,4.676458259794039,594755.3248280677
3314,5,4.301880473703347,779336.1178319983
3874,3,1.5079214563928651,820831.6964017673
3778,2,1.5761414544553545,818613.7108034128
1752,3,2.8053515609918627,432824.65856336313
4481,2,3.9810744577882415,996696.835850388
2622,5,0.6981817072480898,604936.830452781
2650,2,3.62000819180618,596659.3685492761
1829,4,3.4170615382194365,417900.59093719104
1858,1,1.541660431608447,376032.361536576
2982,1,3.5660885595860696,626454.2784147046
2517,5,4.730824360634371,629609.0984680437
1831,4,0.7105363023729583,432687.983790756
4844,3,1.9384342488142812,979926.724614952
4761,4,2.4717952249985986,1041122.1131331322
1858,1,4.546671615161103,433664.2275283448
3677,1,4.8301765097412055,806645.0448680979
2628,4,2.4985186092334954,576020.0443075488
2680,4,3.87512785463986,600207.3340100806
637,1,2.8924746069401737,190828.13988469375
3972,3,2.9200232063361944,878049.2511558104
3332,5,1.751447817798604,704212.5239765074
4079,5,1.476303106387458,909836.08484369
3531,4,1.796024056658185,771922.849821314
4664,5,3.003476032656857,1010183.5001098072
3093,1,0.6311983370994005,650748.6977489772
4800,1,4.582620249603826,1018026.9936582922
4318,4,1.203276692973993,897666.0008462978
4638,4,1.4903990459212395,998439.2371139774
4323,4,2.8322427940144084,938864.8192625764
4542,3,3.6955164485177567,978835.1052830342
2406,5,0.930780746349788,533178.2402465394
1260,4,1.9296261389622296,278644.6693366641
3945,2,4.859035725084607,846346.3280926006
1399,2,1.6805433505142555,310271.2636685363
4955,1,1.908725652784161,995441.7102207708
3447,5,4.264243207781151,830557.1687018349
2219,4,0.7259649426070487,470083.2903669343
780,2,2.590759259640369,217462.4450570884
3766,5,2.208275440032516,787281.7359378719
2387,1,1.9246404195889304,508927.8041870647
3766,3,1.7856481732014404,799178.3100544005
1166,5,0.9111834718718416,319601.3915396029
4688,5,1.91671623208242,1004456.2194818492
1171,3,0.6937358122205086,206781.75744307123
2469,5,4.014337386399959,583183.4309103092
4656,1,2.2920250728110525,913774.3890331694
3622,1,2.497567245439602,734501.9542665192
4400,3,4.521175639025592,987241.429730274
1023,4,3.4612474273754934,287822.3768776313
2893,2,0.536265965039539,607535.6340463364
3617,4,4.744286703325782,804727.9577270229
3093,5,1.5671500968997003,665369.9589318279
2468,2,0.9842638314193648,540221.2539417966
2253,3,3.95657680271397,551444.6316158974
2796,3,2.752147921400232,621460.4905680827
2761,2,2.451967547081079,596339.5709584419
2786,1,1.622763858572338,617979.8529750025
4702,2,2.963621704380434,967780.6667222162
3378,5,1.7347307234116436,734156.8160862669
4643,1,4.557123523791804,1021134.6211894122
4144,3,1.4684201587993675,834328.5793736472
4932,2,4.479598177050891,1040389.0481357794
2555,4,3.0173244157731065,602549.2781823011
1776,4,4.228196602528584,468699.4412955908
3266,5,3.7078069813742975,738226.711971728
802,4,3.6351280014653686,237185.9132691445
1138,2,1.9595561346277508,315357.48101832974
555,2,1.5525361916249156,111626.85342361582
1025,4,1.4489880245635467,282660.2192955372
4623,2,4.357362456768149,972040.0599877926
2625,5,4.19192069116559,625113.6084591298
3787,1,2.482580876055383,745395.8553692064
864,5,1.0958207607340458,250123.469112831
2146,5,2.2201351338985624,510968.1406545
1418,2,3.287045543616101,353161.46132211224
3297,1,2.544814195159788,740330.4672038732
2031,2,4.010851708173478,496840.5291926289
3845,3,4.989302700131234,888020.5575222683
2406,2,1.3600943980200355,522309.4058721854
3586,2,2.568428688468076,724033.5604571347
2575,2,2.439427558643699,545482.7420093057
1213,1,1.8702163973702788,305026.7707546245
1562,2,1.391429825241303,355453.1829292205
2476,1,0.7956145242034665,513292.75970622
1796,4,4.492036927506643,442278.7666177528
625,3,2.389319139588429,185569.89426877032
4096,1,2.73602983325022,826494.0471232897
3783,4,4.626239216904121,839074.0204275192
2103,1,3.993307148821765,474659.86005527806
566,1,1.087255688527329,158454.83915736206
732,3,3.044389854234841,190802.0703078011
2656,5,2.490135244338016,619516.332475993
1669,5,4.087449826604432,416605.60725276713
2658,1,3.759046464253772,551324.4886576998
4706,2,3.606825748599824,1000021.7606809204
1993,4,2.032451759659536,462185.7241886994
4507,2,4.122336786796645,985499.1963159838
2972,2,0.7357608301768754,629290.1434469345
3160,1,1.2183120564447525,627322.941247679
3239,1,2.0103047284006026,638451.4027889116
2261,1,0.8456334848117657,439898.8032648414
4014,1,1.5574742489061122,821146.2339055584
2475,5,4.235679423490632,594005.0065233838
2862,1,4.767131920055357,613658.1099473296
1376,5,1.8707106009838568,335417.6369743354
4312,5,1.690321117949772,919941.4098368196
3948,1,1.759516935108921,823529.5488742903
1812,3,1.7497358930787972,415639.6454079276
1960,4,0.6616858198368785,407600.3914029592
3209,2,4.671123558489986,694271.1623037981
2824,5,1.4616416370664778,591174.1368528144
2233,4,2.3900183333663225,525760.8806101802
2105,3,0.5435909723343548,472291.952524426
3063,2,4.360797909117757,647832.2075906589
3921,2,3.790208050047128,889364.8170683798
4017,5,4.760402158281664,935451.9335719376
2897,1,4.017269656383796,625246.1179756841
4235,3,1.9116793042342937,917235.4105319374
3370,5,1.6154301142779064,769318.6038261497
1660,3,3.639723383989818,357130.1202818031
742,1,2.138507487547248,181191.0670440434
3090,1,3.0479675708867746,641013.919122572
1563,5,0.528158619619116,336153.4280264353
4824,1,0.7784856575621386,924012.9418488424
3095,4,2.90915573531743,670894.0581247887
1419,2,3.047322409016743,312202.08717502066
505,5,3.881538250067046,159121.4656145035
967,3,1.0938439383078278,240302.2199712505
4670,4,2.8093238769055047,1001847.3602497705
503,5,1.3750143999425988,206042.3513164644
1145,1,0.919382538032126,275063.0991470561
617,1,2.3472310732724955,147206.86576297088
3428,1,1.2350149164007576,710065.5617561329
3051,1,1.4980189018654335,624411.6024682868
4789,3,1.9289956094127576,988358.2476373828
1346,4,1.6672478033443832,351280.4162027617
3262,2,0.8941608383267587,696027.2851612554
1641,3,0.9046231018686604,364016.40122898977
2310,3,1.3696223685537567,494537.5115454976
1223,2,0.7275163458179252,307116.6791374497
724,2,3.319056588546172,194628.72736203528
4708,1,1.792970224290059,949404.2006657254
2548,3,1.7588568549608197,574912.7662317117
4915,5,1.9939923240699435,1011770.8785945608
2073,2,3.4825832339437475,438849.2345292175
2328,2,4.417852466675708,527715.5373919866
2417,4,3.9158911965003727,580272.8715936985
4734,5,3.773881536012927,1021159.6924822456
2526,5,2.679760335203821,567108.4842135326
4244,2,3.622125006353353,926488.454118578
1401,1,2.9874306561511244,321278.1795200379
2539,4,1.47312737683938,572608.4313965299
509,5,1.4386476548347282,140538.08318538152
760,2,1.8337640309387755,211508.5901215244
2173,5,4.598612019364159,552158.5008426193
2719,4,2.9633667817087663,623326.5868033242
2560,4,3.802574196508413,622100.1895022333
4213,3,2.059514419174464,845932.4082879503
2119,2,2.3347209679935137,468251.3632686849
820,4,1.0650451038676312,236054.0002831533
1842,3,1.2708273101975167,405144.670068021
2876,3,4.223104496717655,663568.5126665218
3332,5,3.1317738425999693,755402.3726912518
3324,5,2.018896096477185,759882.5851426219
2494,3,4.112830440479957,578870.7619594942
3458,5,1.6093395753709234,760720.1464642045
2538,4,4.892147143700917,611557.8808542505
3990,1,2.051679234857764,851283.9163168798
4177,4,2.017899293680524,870212.7996762642
1618,3,1.9036035749151736,340874.6232811248
2104,3,1.0495018216592955,451409.4809711031
4527,4,1.000117162994056,898403.5372117123
735,5,3.416472655403555,198659.21988081493
2469,5,4.438031200511212,600564.2006890622
4929,3,4.057342296222531,1062899.029267778
2408,2,1.13498417309608,476966.9362678016
875,5,2.955119548064299,245941.05648799823
4030,4,0.97516195689488,844959.8412339088
3135,5,0.7038258962588485,663727.5441240586
2070,4,3.4537363672314525,473629.2215424205
3060,3,2.9081855015615763,638284.4789553601
3891,5,0.8691065834516188,833111.8086328949
3465,4,0.657226608826948,749471.4241491086
4143,3,4.953903860342006,891638.5086964626
4350,2,0.6350959946708234,877752.3422257571
1372,4,2.5003771387257183,377431.0643911781
1752,2,2.77078561073463,373171.5899458196
1814,2,1.0277606651020026,405940.62394306617
3398,1,1.2607780029787232,706686.3209428937
577,5,2.0831225288465864,185557.6964804336
3121,4,3.927541442961482,728927.0713778214
4727,2,2.7818709082712,976049.1314638924
1100,1,3.370558435488327,241079.3234902556
1565,3,4.933285497908036,368640.6584269345
2636,4,3.956024458909444,645781.7324767867
2949,2,2.4546267416354794,641526.9853657566
2843,5,2.508988648084469,691113.9194565738
2363,1,3.2844743466845223,528869.8625493657
1818,2,3.4941434378850698,441001.3484190839
4097,5,2.753199166265021,852599.97505604
4262,2,3.401875502667409,894261.7196452515
2690,4,0.6058962248634445,574383.5478606392
1492,4,2.4333028875357985,366271.8455560513
3212,4,1.7552213423306453,665969.5719032948
2692,1,1.0812850035939967,525408.9155105908
1748,4,0.947959307639488,394408.5769492088
3554,5,3.214364745266004,826606.0146181242
4533,2,2.856202462186753,940711.9831153804
2497,3,1.6411285264836613,555012.7033097085
4187,5,2.619275264476315,950877.0053637534
2651,5,2.715045418320837,601083.947569366
4518,4,1.377540411973771,926094.1390762049
3610,1,3.434418778467428,774150.0468123948
2470,2,4.014137103737407,543160.4942000011
697,1,4.061585934002835,202427.97400689824
3126,2,3.211114238165548,708104.0557380343
1702,2,2.8023736213355632,402002.4844273374
2535,1,0.774532143524277,533656.3940212176
977,5,1.7952408448322263,214146.49100738543
1754,2,0.9197215105017644,398823.2673263778
1422,1,4.837204223953131,313266.83650286886
919,2,1.1078606580159231,217213.6452196605
2704,3,1.1829893443299593,539133.0843265855
3097,5,4.503094782487215,697909.6503581115
1620,4,4.74767727564406,418003.15725851554
3568,2,3.9462306765570943,818706.7764361517
1450,3,0.5243221565270144,325738.14789058163
2836,4,0.5060582193045366,605369.8615424815
2743,4,2.2014534640435284,606157.4972713309
3145,2,1.1452791650490164,613606.1874695573
2357,1,0.5827376396821877,503962.1877251642
2365,2,2.588300102320271,510534.1603835063
3412,3,4.743778538331372,744040.0563316267
3353,4,1.9571880870609413,701368.1143168806
3728,2,3.4751330529291344,816939.5874308393
4219,1,3.435059089095984,907601.7861704028
3728,2,1.629860466493255,771385.1497807608
2871,5,3.4269136197073893,636552.7524853058
3391,1,1.4555028842910107,694917.3008745462
4256,3,1.0490333610960008,852368.6069601658
4725,4,3.6562247850186056,993240.2813625648
594,2,1.0104836769676253,158856.84303466187
3174,1,4.986091483652099,678385.989963216
2455,5,1.325535805176032,531945.983279591
1293,1,3.173638382404059,279607.45517641783
2334,5,2.3511855713566523,515300.5927029035
2616,3,1.068738900825502,542247.1622628621
4606,4,0.6252975840983603,974421.4462019108
3825,3,3.30229527031775,843637.4594569862
3419,2,4.130409037051067,772740.0707275409
3097,1,4.289070476780348,685644.2336178538
3705,5,2.672210628846205,808905.5849604708
1314,5,3.998549602320735,341956.2674322983
845,1,3.5278121006984517,222673.0658697626
2849,1,3.7591453737461,604718.223692736
862,2,2.716695523498164,234762.8244790115
2943,3,3.350352831089572,690305.8227623077
2765,5,4.124866611092257,652434.7052233267
2688,2,2.2904787900066035,601890.2919093702
3505,3,4.126905053904126,753186.167662594
3781,2,3.1640757925507828,792681.5184200833
1484,5,1.246554609668538,360372.9780385626
2139,1,0.6110787075106308,422950.9047116141
1327,1,2.1323912017961844,312914.00307582016
3230,3,2.960133477333529,734110.0243598827
4031,4,4.279191584915697,899849.5188200921
4951,3,1.073685560631108,1017583.4273609958
3435,4,4.100928564576106,729494.9061684583
4376,2,4.383540707302521,953339.7306451156
626,2,1.178093691503752,113576.5123703764
3677,5,4.332174436868986,847131.2132821754
3556,4,4.961541055292564,796875.0927818617
1103,5,3.770774739717069,280149.1863612468
3949,1,4.0314635682124464,833283.0644545743
4646,4,4.974868704014931,1046163.3264236908
4033,3,3.224665627366754,889107.6929684004
3867,1,1.8854887190731224,760436.8893623694
3868,1,4.26888875334225,864309.0323581436
4297,3,3.2651859988023406,910000.3859570916
2292,1,3.1153794067443044,512734.7788937932
3361,4,1.6413599998131725,762769.5055574658
3976,5,3.90350421312299,827432.4143465807
3917,1,0.8675027413704332,780363.0627911759
2145,4,4.659291818575976,524818.9633293215
1705,2,1.9662055734671813,354744.6305953098
3530,4,1.074985937554957,754662.1768906609
3372,5,2.4906493989608847,733900.7559066785
3572,4,0.6911145916543993,729385.5524036873
2354,3,3.5808178741923484,556236.7348047679
4521,5,4.5621747970041024,1039730.2135109294
3208,2,4.267683532123289,672640.7862957919
4002,3,1.073162630515465,860129.7292090545
1832,4,1.0682201169847934,432387.0410257919
701,5,4.160455170459189,246717.9663664509
4007,2,4.659144235714022,897176.5668201512
4712,3,2.573014234250701,976572.7481782682
1074,2,2.7453700261119467,251724.67925135957
1036,4,1.9321791862357665,238220.4845448509
2125,2,4.524193032153863,514184.1816653132
2622,1,3.4020630738156017,561747.2624036099
885,3,1.797132097253158,194353.7361399757
3781,2,1.844522919744132,826587.7969711117
974,4,4.51040032878621,280961.6803897855
917,4,0.5613531075761966,191907.6525048871
4100,2,1.9522695772698728,809712.7379333257
1454,4,2.9946050654736607,369854.9244932172
1705,5,1.166978579446961,400306.9574091656
4620,5,0.914444393898154,985628.9692003924
2490,5,4.16874348990752,567376.4006946473
4072,1,4.524819748918283,889695.2695039134
4880,2,4.206228893591852,1004325.3931894517
4658,1,4.544545503818065,1021278.340082141
3213,4,2.989003869762672,665309.7683934513
2703,1,4.155161544456538,576620.3718535388
3620,4,2.228191872759952,738643.2007694525
1466,4,3.4982053766556733,343678.93524860224
3932,3,4.94975989125124,865263.3836358162
1188,5,1.5157747572760734,342365.20713846444
4743,4,2.254548858309863,1037911.6519852468
4201,3,2.660213197895385,876992.62965777
841,5,1.1210696915902327,238047.5927999937
2224,4,0.8646737470927555,518166.38138878136
4922,4,4.23375289844731,1108236.8362913695
2292,1,4.895574677724138,483905.9983899615
2259,1,2.321262787233464,509733.85039647983
3712,5,0.8944242628759398,747938.7115439639
1489,4,0.7961529231075941,347769.0613211003
2762,2,4.5109319286213445,619407.6279156839
2982,1,2.5871641237745595,646118.3979191775
1451,5,1.940122924530764,338786.44407016825
1222,4,2.644075720577298,291123.86737050366
3889,4,1.932368426115563,796470.173239297
2579,2,2.70066098888429,603812.5887922472
3217,5,4.368003786130716,779867.2165969982
2832,4,3.1653561697794306,656065.8419892447
3876,1,3.625941977645789,793323.8127937265
2000,2,2.1410180430545145,448879.5107617519
785,5,3.8232764532973342,262707.27893308154
3995,2,3.4997768819571755,872258.3925462884
2565,1,1.038028989884254,530476.1232749791
1268,5,3.0768928390201307,321199.3469094537
3557,2,1.655345733393911,730405.6620242158
4789,3,4.118430513351168,1033816.8247013512
2661,1,2.416719688101228,564747.6546436538
3793,1,4.976078743384193,804450.0990071343
1446,1,0.916251970725337,316282.80679770344
3835,3,4.011565382330714,806269.4033782159
4650,3,3.531657800939704,988234.6180212416
1981,4,3.9537447376581754,489595.4124613424
2401,2,1.8838840797070533,504682.30124801846
3951,4,2.714245202220803,851472.5994111879
4564,2,4.084288338756688,991703.3944221088
554,3,1.5464359922938475,120795.5523667112
2323,3,1.5171493855489344,511645.2377877411
3962,4,2.979729289827196,868356.2431862867
3579,5,2.856036107884351,765780.0440479134
1332,4,1.7701811168581978,317780.5942863934
4908,2,1.8413404273617024,1058290.680940349
3306,4,1.7503032344295448,708003.0797050629
2990,1,3.9718042789931935,663456.3939054122
827,2,3.4335538950310727,198773.4757127592
3810,2,4.245877325346138,821117.7482116626
3800,5,4.889628627413098,888184.3038431654
4175,3,2.633739333223939,869924.3421379088
3554,2,0.8001224663245199,734201.4615779822
2643,3,0.7164153968541594,530326.7865334606
1811,4,1.8304926767222864,436325.0761836845
3691,1,4.696450652086029,758140.6272517709
3038,5,2.854458747368937,647006.812552705
4483,3,1.723039322360581,921002.248222852
664,2,2.296250575299588,170024.87591657112
4777,3,3.1936779833210185,1009807.4390560028
1322,2,3.43827346162029,345655.79485490214
1443,3,1.1926377940230726,320689.2188217977
4925,2,4.896642544453292,1034380.2041616676
1274,4,2.95147502142255,304653.63604893
2698,2,1.1105974300652568,571367.8252792631
3656,2,4.521358640057602,856066.3005338378
4742,1,0.8358729398574296,931856.9695152728
4195,2,4.584809449298807,882532.5489330415
3952,1,4.984545453300421,875163.0460692297
1414,5,3.6519430962042674,372292.6033923184
1808,1,3.967012494832954,402330.051233892
4677,4,2.017862764103689,965304.8489878176
1013,1,4.737095837302702,248621.82614873743
2420,5,2.8837128474876543,560889.7929688855
4094,4,3.795748009688997,933332.7201261588
1909,3,4.658484721600757,453579.1055342158
3690,3,4.888309891889787,814843.6877321303
4991,1,4.249419604685034,1037268.0434280155
2055,1,1.8635787814191351,460741.2339285246
1304,5,4.849463824484371,357477.332666952
1779,5,3.326537890596073,480192.2452357916
4077,2,4.687891143583819,886451.6346786668
3401,5,3.5424726161645834,786584.6102391081
1887,2,1.8825753283147424,439793.0780082437
3261,4,2.165110358642672,701493.9970692651
3179,1,2.977122996963232,683723.1607044176
2606,4,4.055066787019469,572024.023634332
4723,5,1.9309214810315072,964865.2986386952
3268,4,3.1087902476038645,742599.2533323644
